-- phpMyAdmin SQL Dump
-- version 4.0.10deb1
-- http://www.phpmyadmin.net
--
-- Host: localhost
-- Generation Time: May 08, 2016 at 01:19 AM
-- Server version: 5.5.49-0ubuntu0.14.04.1
-- PHP Version: 5.5.9-1ubuntu4.16

SET SQL_MODE = "NO_AUTO_VALUE_ON_ZERO";
SET time_zone = "+00:00";


/*!40101 SET @OLD_CHARACTER_SET_CLIENT=@@CHARACTER_SET_CLIENT */;
/*!40101 SET @OLD_CHARACTER_SET_RESULTS=@@CHARACTER_SET_RESULTS */;
/*!40101 SET @OLD_COLLATION_CONNECTION=@@COLLATION_CONNECTION */;
/*!40101 SET NAMES utf8 */;

--
-- Database: `tsoha`
--

-- --------------------------------------------------------


--
-- Dumping data for table `users`
--

INSERT INTO `users` (`id`, `name`, `password`, `adminlevel`) VALUES
(2, 'Henkilö 1', '$2y$10$kaUXdiWomc49sX68q4o6yulUKSIz.qWqQsXCmWOgR5EKZ60D4XAuW', 0),
(3, 'Henkilö 2', '$2y$10$kaUXdiWomc49sX68q4o6yulUKSIz.qWqQsXCmWOgR5EKZ60D4XAuW', 0),
(4, 'Henkilö 3', '$2y$10$kaUXdiWomc49sX68q4o6yulUKSIz.qWqQsXCmWOgR5EKZ60D4XAuW', 0),
(5, 'Henkilö 4', '$2y$10$kaUXdiWomc49sX68q4o6yulUKSIz.qWqQsXCmWOgR5EKZ60D4XAuW', 0),
(6, 'Henkilö 5', '$2y$10$kaUXdiWomc49sX68q4o6yulUKSIz.qWqQsXCmWOgR5EKZ60D4XAuW', 0);

-- --------------------------------------------------------

--
-- Dumping data for table `groups`
--

INSERT INTO `groups` (`id`, `a_id`, `name`, `info`, `active`) VALUES
(2, 5, 'Pieni ryhmä', 'Asiatekstiä', 0),
(4, 5, 'Kesäryhmä', 'Kesäkuu', 0),
(5, 1, 'Oletusryhmä', 'Oletusryhmä', 0);

-- -------------------------------------------------------------------
--
-- Dumping data for table `bills`
--

INSERT INTO `bills` (`id`, `u_id`, `company`, `sum`, `info`, `dateofpurchase`, `task`) VALUES
(22, 1, 'Mäkkäri', 20, 'kjgs', '2016-04-26', 7),
(23, 1, 'Jeej ejje', 32432, 'dsfdsf', '2016-04-28', 1);

-- --------------------------------------------------------

--
-- Dumping data for table `images`
--

INSERT INTO `images` (`id`, `o_id`, `type`, `image_path`, `comment`) VALUES
(27, 0, 0, 'Screenshot from 2015-12-20 15:43:14.png', ''),
(28, 0, 0, 'svn.png', ''),
(29, 0, 0, 'Screenshot from 2015-11-29 02:09:21.png', ''),
(30, 2, 0, 'Screenshot from 2015-12-02 10:59:12.png', ''),
(31, 2, 0, 'Screenshot from 2016-02-01 14:57:26.png', ''),
(41, 0, 1, 'Screenshot from 2016-03-26 12:51:27.png', ''),
(42, 0, 1, 'Screenshot from 2016-01-27 15:45:38.png', ''),
(43, 0, 1, 'Screenshot from 2015-12-21 19:50:04.png', ''),
(45, 3, 1, 'Screenshot from 2016-04-07 14:21:24.png', ''),
(46, 5, 1, 'Screenshot_2016-02-16-09-50-39.png', ''),
(48, 2, 0, 'Vno1GAErM7U3NogjlLocIrwuG.png', ''),
(56, 2, 0, 'cNSO1zuPRCBXvoqxOEjJHA6H6.jpg', ''),
(57, 2, 0, 'fqLCMpeikvfC5VFufGad7fLyv.jpg', ''),
(59, 1, 0, 'F5XwmNsprhtkfP4mUzorOERyk.png', 'fjkdshkfhsdjhfkjhsjdhfjk hjkf hsjkdshkjfhkjsdhflajsdfj hjfls hfjhsadjkfhlksdajflashhkfgsdjaflk sadjkfjsdhflsajfldsjflkashgjkas ösflh jshflas öfj shfilsjfklsdjlkkf hjkshl jskajaklsjl fjslj'),
(60, 1, 0, '7pVpvIHCfsB3pv2uiMyeRcJOc.png', 'uus teksti '),
(69, 0, 0, 'oLtkXseCbRT1pJhJk0A6pJpjK.png', 'Jeejee'),
(81, 18, 1, 'Xh7EqkhrpvCv6LBRXweZpCzUg.png', ''),
(82, 19, 1, 'gJyeqb2G4JcV2P7vYgjZHAZr6.png', ''),
(83, 20, 1, '6yi2kajlMMIrBBw3gVaE0SI1j.png', ''),
(84, 4, 0, 'Zo3Q1xaT8SxzxcPsbPd4slc8P.png', 'Peruskuva'),
(85, 6, 1, 'LE9PUKiW9e8OjYLzPzXN6sgBf.png', 'Kuva'),
(86, 3, 0, 'Th2fDb0r7tXplzo8GCjXui4b6.jpg', ''),
(87, 3, 0, 'CaS6KKxgP6htWyhh4hieYQWvO.png', 'Kartta'),
(88, 21, 2, 'eHJsh4T2CVSJKq4rs5LAlKCww.jpg', ''),
(89, 22, 2, 'CdYNHVHtFdicib5420pUS2b1Z.png', ''),
(92, 3, 0, 'mLrotzl1RRyQKb6OKbKViSyqf.jpg', ''),
(93, 3, 0, '3l2UEoKZOFHjqHGScOt2arW8v.jpg', '');

-- --------------------------------------------------------

--
-- Dumping data for table `logging`
--

INSERT INTO `logging` (`id`, `user_id`, `ip`, `date`, `time`, `action`) VALUES
(606, 1, '85.76.96.70', '2016-04-19', '16:55:35', 'Succesful login'),
(607, 1, '85.76.96.70', '2016-04-19', '17:55:43', 'Succesful login'),
(608, 1, '89.27.3.39', '2016-04-19', '19:14:04', 'Succesful login'),
(609, 1, '128.214.138.171', '2016-04-20', '13:38:36', 'Succesful login'),
(610, 1, '128.214.138.171', '2016-04-20', '13:55:09', 'Succesful login'),
(611, 1, '128.214.138.171', '2016-04-20', '14:24:18', 'Succesful login'),
(612, 1, '128.214.138.171', '2016-04-20', '14:26:02', 'Succesful login'),
(613, 1, '85.76.96.70', '2016-04-20', '14:46:10', 'Succesful login'),
(614, 1, '128.214.138.171', '2016-04-20', '15:13:30', 'Invoking method requiring logging in'),
(615, 1, '128.214.138.171', '2016-04-20', '15:13:30', 'Invoking method requiring logging in'),
(616, 1, '128.214.138.171', '2016-04-20', '15:13:30', 'Invoking method requiring logging in'),
(617, 1, '128.214.138.171', '2016-04-20', '15:13:30', 'User invoking method requiring admin access'),
(619, 1, '128.214.138.171', '2016-04-20', '15:24:06', 'Succesful login'),
(620, 3, '128.214.138.171', '2016-04-20', '16:20:19', 'Succesful login'),
(621, 3, '128.214.138.171', '2016-04-20', '16:20:19', 'User invoking method requiring admin access'),
(622, 3, '5.135.164.220', '2016-04-20', '16:24:45', 'Succesful login'),
(623, 3, '5.135.164.220', '2016-04-20', '16:24:45', 'User invoking method requiring admin access'),
(624, 1, '89.27.3.39', '2016-04-20', '17:47:23', 'Succesful login'),
(625, 1, '89.27.3.39', '2016-04-20', '20:35:39', 'Succesful login'),
(626, 1, '89.27.3.39', '2016-04-20', '21:08:30', 'Succesful login'),
(627, 1, '89.27.3.39', '2016-04-20', '22:18:42', 'Succesful login'),
(628, 1, '128.214.138.171', '2016-04-21', '13:02:06', 'Succesful login'),
(629, 3, '128.214.138.171', '2016-04-21', '13:02:45', 'Succesful login'),
(630, 3, '128.214.138.171', '2016-04-21', '13:02:45', 'User invoking method requiring admin access'),
(631, 3, '128.214.138.171', '2016-04-21', '13:03:25', 'User invoking method requiring admin access'),
(632, 1, '128.214.138.171', '2016-04-21', '13:06:28', 'Succesful login'),
(633, 1, '85.76.96.70', '2016-04-21', '15:36:06', 'Succesful login'),
(634, 3, '85.76.96.70', '2016-04-21', '15:52:12', 'Succesful login'),
(635, 3, '85.76.96.70', '2016-04-21', '15:52:12', 'User invoking method requiring admin access'),
(636, 3, '85.76.96.70', '2016-04-21', '15:52:18', 'User invoking method requiring admin access'),
(637, 3, '85.76.96.70', '2016-04-21', '15:52:18', 'User invoking method requiring admin access'),
(638, 3, '85.76.96.70', '2016-04-21', '15:52:20', 'User invoking method requiring admin access'),
(639, 3, '85.76.96.70', '2016-04-21', '15:52:20', 'User invoking method requiring admin access'),
(640, 3, '85.76.96.70', '2016-04-21', '15:52:20', 'User invoking method requiring admin access'),
(641, 3, '85.76.96.70', '2016-04-21', '15:52:41', 'User invoking method requiring admin access'),
(642, 3, '85.76.96.70', '2016-04-21', '15:52:41', 'User invoking method requiring admin access'),
(643, 3, '85.76.96.70', '2016-04-21', '15:52:41', 'User invoking method requiring admin access'),
(644, 3, '85.76.96.70', '2016-04-21', '15:53:01', 'User invoking method requiring admin access'),
(645, 3, '85.76.96.70', '2016-04-21', '15:53:01', 'User invoking method requiring admin access'),
(646, 3, '85.76.96.70', '2016-04-22', '00:14:05', 'Succesful login'),
(647, 3, '85.76.96.70', '2016-04-22', '00:14:05', 'User invoking method requiring admin access'),
(648, 3, '85.76.96.70', '2016-04-22', '00:14:18', 'User invoking method requiring admin access'),
(649, 3, '85.76.96.70', '2016-04-22', '00:14:19', 'User invoking method requiring admin access'),
(650, 3, '85.76.96.70', '2016-04-22', '00:14:23', 'User invoking method requiring admin access'),
(651, 3, '85.76.96.70', '2016-04-22', '00:15:28', 'User invoking method requiring admin access'),
(652, 3, '85.76.96.70', '2016-04-22', '00:15:28', 'User invoking method requiring admin access'),
(653, 3, '85.76.96.70', '2016-04-22', '00:15:32', 'User invoking method requiring admin access'),
(654, 3, '85.76.96.70', '2016-04-22', '00:15:32', 'User invoking method requiring admin access'),
(655, 3, '85.76.96.70', '2016-04-22', '00:15:32', 'User invoking method requiring admin access'),
(656, 3, '85.76.96.70', '2016-04-22', '00:15:38', 'User invoking method requiring admin access'),
(657, 3, '85.76.96.70', '2016-04-22', '00:15:59', 'User invoking method requiring admin access'),
(658, 3, '85.76.96.70', '2016-04-22', '00:16:02', 'User invoking method requiring admin access'),
(659, 3, '85.76.96.70', '2016-04-22', '00:16:02', 'User invoking method requiring admin access'),
(660, 3, '85.76.96.70', '2016-04-22', '00:16:02', 'User invoking method requiring admin access'),
(661, 3, '85.76.96.70', '2016-04-22', '00:16:02', 'User invoking method requiring admin access'),
(662, 3, '85.76.96.70', '2016-04-22', '00:16:12', 'User invoking method requiring admin access'),
(663, 3, '85.76.96.70', '2016-04-22', '00:16:12', 'User invoking method requiring admin access'),
(664, 3, '85.76.96.70', '2016-04-22', '00:16:12', 'User invoking method requiring admin access'),
(665, 3, '85.76.96.70', '2016-04-22', '00:16:12', 'User invoking method requiring admin access'),
(666, 3, '85.76.96.70', '2016-04-22', '00:16:27', 'User invoking method requiring admin access'),
(667, 3, '85.76.96.70', '2016-04-22', '00:16:27', 'User invoking method requiring admin access'),
(668, 3, '85.76.96.70', '2016-04-22', '00:16:27', 'User invoking method requiring admin access'),
(669, 3, '85.76.96.70', '2016-04-22', '00:16:27', 'User invoking method requiring admin access'),
(670, 3, '85.76.96.70', '2016-04-22', '00:16:34', 'User invoking method requiring admin access'),
(671, 3, '85.76.96.70', '2016-04-22', '00:16:37', 'User invoking method requiring admin access'),
(672, 3, '85.76.96.70', '2016-04-22', '00:16:42', 'User invoking method requiring admin access'),
(673, 3, '85.76.96.70', '2016-04-22', '00:17:15', 'User invoking method requiring admin access'),
(674, 3, '85.76.96.70', '2016-04-22', '00:19:13', 'User invoking method requiring admin access'),
(675, 3, '85.76.96.70', '2016-04-22', '00:19:26', 'User invoking method requiring admin access'),
(676, 3, '85.76.96.70', '2016-04-22', '00:20:07', 'User invoking method requiring admin access'),
(677, 3, '85.76.96.70', '2016-04-22', '00:20:28', 'User invoking method requiring admin access'),
(678, 3, '85.76.96.70', '2016-04-22', '00:22:07', 'User invoking method requiring admin access'),
(679, 3, '85.76.96.70', '2016-04-22', '00:22:29', 'User invoking method requiring admin access'),
(680, 3, '85.76.96.70', '2016-04-22', '00:25:04', 'User invoking method requiring admin access'),
(681, 3, '85.76.96.70', '2016-04-22', '00:25:11', 'User invoking method requiring admin access'),
(682, 3, '85.76.96.70', '2016-04-22', '00:29:41', 'User invoking method requiring admin access'),
(683, 3, '85.76.96.70', '2016-04-22', '00:29:50', 'User invoking method requiring admin access'),
(684, 3, '85.76.96.70', '2016-04-22', '00:30:20', 'User invoking method requiring admin access'),
(685, 3, '85.76.96.70', '2016-04-22', '00:30:27', 'User invoking method requiring admin access'),
(686, 3, '85.76.96.70', '2016-04-22', '00:31:39', 'User invoking method requiring admin access'),
(687, 3, '85.76.96.70', '2016-04-22', '00:31:48', 'User invoking method requiring admin access'),
(688, 3, '85.76.96.70', '2016-04-22', '00:33:57', 'User invoking method requiring admin access'),
(689, 3, '85.76.96.70', '2016-04-22', '00:34:09', 'User invoking method requiring admin access'),
(690, 3, '85.76.96.70', '2016-04-22', '00:38:22', 'User invoking method requiring admin access'),
(691, 3, '85.76.96.70', '2016-04-22', '00:38:25', 'User invoking method requiring admin access'),
(692, 3, '85.76.96.70', '2016-04-22', '00:39:00', 'User invoking method requiring admin access'),
(693, 1, '89.27.3.39', '2016-04-22', '00:41:34', 'Succesful login'),
(696, 1, '89.27.3.39', '2016-04-22', '01:24:55', 'Succesful login'),
(697, 3, '89.27.3.39', '2016-04-22', '07:27:18', 'Succesful login'),
(698, 3, '89.27.3.39', '2016-04-22', '07:27:18', 'User invoking method requiring admin access'),
(699, 1, '85.76.96.70', '2016-04-22', '07:44:39', 'Succesful login'),
(700, 3, '85.76.96.70', '2016-04-22', '08:11:40', 'Succesful login'),
(701, 3, '85.76.96.70', '2016-04-22', '08:11:40', 'User invoking method requiring admin access'),
(702, 3, '85.76.96.70', '2016-04-22', '08:14:09', 'User invoking method requiring admin access'),
(703, 3, '85.76.96.70', '2016-04-22', '08:14:09', 'User invoking method requiring admin access'),
(704, 3, '85.76.96.70', '2016-04-22', '08:14:18', 'User invoking method requiring admin access'),
(705, 3, '85.76.96.70', '2016-04-22', '08:14:18', 'User invoking method requiring admin access'),
(706, 3, '85.76.96.70', '2016-04-22', '08:14:29', 'User invoking method requiring admin access'),
(707, 3, '85.76.96.70', '2016-04-22', '08:14:29', 'User invoking method requiring admin access'),
(708, 3, '85.76.96.70', '2016-04-22', '08:14:32', 'User invoking method requiring admin access'),
(709, 3, '85.76.96.70', '2016-04-22', '08:15:31', 'User invoking method requiring admin access'),
(710, 3, '85.76.96.70', '2016-04-22', '08:16:44', 'User invoking method requiring admin access'),
(711, 3, '85.76.96.70', '2016-04-22', '08:16:44', 'User invoking method requiring admin access'),
(712, 3, '85.76.96.70', '2016-04-22', '08:16:52', 'User invoking method requiring admin access'),
(713, 3, '85.76.96.70', '2016-04-22', '08:16:52', 'User invoking method requiring admin access'),
(714, 3, '85.76.96.70', '2016-04-22', '08:17:22', 'User invoking method requiring admin access'),
(715, 3, '85.76.96.70', '2016-04-22', '08:17:22', 'User invoking method requiring admin access'),
(716, 3, '85.76.96.70', '2016-04-22', '08:17:32', 'User invoking method requiring admin access'),
(717, 3, '85.76.96.70', '2016-04-22', '08:17:32', 'User invoking method requiring admin access'),
(718, 3, '85.76.96.70', '2016-04-22', '08:17:34', 'User invoking method requiring admin access'),
(719, 3, '85.76.96.70', '2016-04-22', '08:17:43', 'User invoking method requiring admin access'),
(720, 3, '85.76.96.70', '2016-04-22', '08:17:44', 'User invoking method requiring admin access'),
(721, 3, '85.76.96.70', '2016-04-22', '08:17:44', 'User invoking method requiring admin access'),
(722, 3, '85.76.96.70', '2016-04-22', '08:17:44', 'User invoking method requiring admin access'),
(723, 3, '85.76.96.70', '2016-04-22', '08:17:44', 'User invoking method requiring admin access'),
(724, 3, '85.76.96.70', '2016-04-22', '08:17:44', 'User invoking method requiring admin access'),
(725, 3, '85.76.96.70', '2016-04-22', '08:17:45', 'User invoking method requiring admin access'),
(726, 3, '85.76.96.70', '2016-04-22', '08:17:45', 'User invoking method requiring admin access'),
(727, 3, '85.76.96.70', '2016-04-22', '08:17:45', 'User invoking method requiring admin access'),
(728, 3, '85.76.96.70', '2016-04-22', '08:18:12', 'User invoking method requiring admin access'),
(729, 3, '85.76.96.70', '2016-04-22', '08:18:12', 'User invoking method requiring admin access'),
(730, 3, '85.76.96.70', '2016-04-22', '08:18:41', 'User invoking method requiring admin access'),
(731, 3, '85.76.96.70', '2016-04-22', '08:18:41', 'User invoking method requiring admin access'),
(732, 3, '85.76.96.70', '2016-04-22', '08:18:59', 'User invoking method requiring admin access'),
(733, 3, '85.76.96.70', '2016-04-22', '08:18:59', 'User invoking method requiring admin access'),
(734, 3, '85.76.96.70', '2016-04-22', '08:19:07', 'User invoking method requiring admin access'),
(735, 1, '85.76.96.70', '2016-04-22', '08:19:11', 'Succesful login'),
(736, 3, '212.213.190.29', '2016-04-22', '08:32:29', 'Succesful login'),
(737, 3, '212.213.190.29', '2016-04-22', '08:32:29', 'User invoking method requiring admin access'),
(738, 3, '85.76.149.231', '2016-04-22', '08:32:31', 'Succesful login'),
(739, 3, '85.76.149.231', '2016-04-22', '08:32:32', 'User invoking method requiring admin access'),
(740, 3, '212.213.190.29', '2016-04-22', '08:32:50', 'User invoking method requiring admin access'),
(741, 3, '212.213.190.29', '2016-04-22', '08:32:51', 'User invoking method requiring admin access'),
(742, 3, '212.213.190.29', '2016-04-22', '08:32:51', 'User invoking method requiring admin access'),
(743, 3, '85.76.149.231', '2016-04-22', '08:32:55', 'User invoking method requiring admin access'),
(744, 3, '212.213.190.29', '2016-04-22', '08:32:56', 'User invoking method requiring admin access'),
(745, 3, '212.213.190.29', '2016-04-22', '08:32:57', 'User invoking method requiring admin access'),
(746, 3, '212.213.190.29', '2016-04-22', '08:33:22', 'User invoking method requiring admin access'),
(747, 3, '212.213.190.29', '2016-04-22', '08:33:22', 'User invoking method requiring admin access'),
(748, 3, '212.213.190.29', '2016-04-22', '08:33:30', 'User invoking method requiring admin access'),
(749, 3, '212.213.190.29', '2016-04-22', '08:33:32', 'User invoking method requiring admin access'),
(750, 3, '85.76.149.231', '2016-04-22', '08:33:53', 'User invoking method requiring admin access'),
(751, 3, '85.76.149.231', '2016-04-22', '08:33:53', 'User invoking method requiring admin access'),
(752, 3, '85.76.149.231', '2016-04-22', '08:34:03', 'User invoking method requiring admin access'),
(753, 3, '212.213.190.29', '2016-04-22', '08:34:23', 'User invoking method requiring admin access'),
(754, 3, '212.213.190.29', '2016-04-22', '08:34:27', 'User invoking method requiring admin access'),
(755, 3, '212.213.190.29', '2016-04-22', '08:34:30', 'Succesful login'),
(756, 3, '212.213.190.29', '2016-04-22', '08:34:30', 'User invoking method requiring admin access'),
(757, 3, '212.213.190.29', '2016-04-22', '08:34:33', 'User invoking method requiring admin access'),
(758, 3, '85.76.149.231', '2016-04-22', '08:34:52', 'User invoking method requiring admin access'),
(759, 3, '85.76.149.231', '2016-04-22', '08:34:52', 'User invoking method requiring admin access'),
(760, 2, '37.219.24.95', '2016-04-22', '08:34:57', 'Unauthorized access'),
(761, 3, '85.76.149.231', '2016-04-22', '08:35:04', 'User invoking method requiring admin access'),
(762, 3, '212.213.190.29', '2016-04-22', '08:35:09', 'User invoking method requiring admin access'),
(763, 3, '212.213.190.29', '2016-04-22', '08:35:09', 'User invoking method requiring admin access'),
(764, 3, '212.213.190.29', '2016-04-22', '08:35:16', 'User invoking method requiring admin access'),
(765, 3, '212.213.190.29', '2016-04-22', '08:35:16', 'User invoking method requiring admin access'),
(766, 3, '212.213.190.29', '2016-04-22', '08:35:16', 'User invoking method requiring admin access'),
(767, 3, '212.213.190.29', '2016-04-22', '08:35:16', 'User invoking method requiring admin access'),
(768, 3, '212.213.190.29', '2016-04-22', '08:35:16', 'User invoking method requiring admin access'),
(769, 3, '212.213.190.29', '2016-04-22', '08:35:16', 'User invoking method requiring admin access'),
(770, 3, '212.213.190.29', '2016-04-22', '08:35:16', 'User invoking method requiring admin access'),
(771, 3, '212.213.190.29', '2016-04-22', '08:35:16', 'User invoking method requiring admin access'),
(772, 3, '212.213.190.29', '2016-04-22', '08:35:16', 'User invoking method requiring admin access'),
(773, 3, '212.213.190.29', '2016-04-22', '08:35:17', 'Succesful login'),
(774, 3, '212.213.190.29', '2016-04-22', '08:35:17', 'User invoking method requiring admin access'),
(775, 1, '37.219.24.95', '2016-04-22', '08:35:19', 'Succesful login'),
(776, 3, '212.213.190.29', '2016-04-22', '08:35:25', 'User invoking method requiring admin access'),
(777, 3, '212.213.190.29', '2016-04-22', '08:35:25', 'User invoking method requiring admin access'),
(778, 3, '85.76.149.231', '2016-04-22', '08:35:30', 'User invoking method requiring admin access'),
(779, 3, '85.76.149.231', '2016-04-22', '08:35:30', 'User invoking method requiring admin access'),
(780, 3, '212.213.190.29', '2016-04-22', '08:35:34', 'User invoking method requiring admin access'),
(781, 3, '212.213.190.29', '2016-04-22', '08:35:34', 'User invoking method requiring admin access'),
(782, 3, '212.213.190.29', '2016-04-22', '08:35:34', 'User invoking method requiring admin access'),
(783, 3, '212.213.190.29', '2016-04-22', '08:35:34', 'User invoking method requiring admin access'),
(784, 3, '212.213.190.29', '2016-04-22', '08:35:34', 'User invoking method requiring admin access'),
(785, 3, '212.213.190.29', '2016-04-22', '08:35:34', 'User invoking method requiring admin access'),
(786, 3, '85.76.149.231', '2016-04-22', '08:35:44', 'User invoking method requiring admin access'),
(787, 3, '85.76.149.231', '2016-04-22', '08:35:46', 'User invoking method requiring admin access'),
(788, 3, '85.76.149.231', '2016-04-22', '08:35:46', 'User invoking method requiring admin access'),
(789, 3, '212.213.190.29', '2016-04-22', '08:35:48', 'User invoking method requiring admin access'),
(790, 3, '212.213.190.29', '2016-04-22', '08:35:48', 'User invoking method requiring admin access'),
(791, 3, '212.213.190.29', '2016-04-22', '08:35:48', 'User invoking method requiring admin access'),
(792, 3, '212.213.190.29', '2016-04-22', '08:35:48', 'User invoking method requiring admin access'),
(793, 3, '212.213.190.29', '2016-04-22', '08:35:48', 'User invoking method requiring admin access'),
(794, 3, '212.213.190.29', '2016-04-22', '08:35:48', 'User invoking method requiring admin access'),
(795, 3, '212.213.190.29', '2016-04-22', '08:35:48', 'User invoking method requiring admin access'),
(796, 3, '212.213.190.29', '2016-04-22', '08:35:48', 'User invoking method requiring admin access'),
(797, 3, '212.213.190.29', '2016-04-22', '08:35:48', 'User invoking method requiring admin access'),
(798, 3, '212.213.190.29', '2016-04-22', '08:35:49', 'User invoking method requiring admin access'),
(799, 3, '212.213.190.29', '2016-04-22', '08:35:49', 'User invoking method requiring admin access'),
(800, 3, '85.76.149.231', '2016-04-22', '08:35:50', 'User invoking method requiring admin access'),
(801, 3, '85.76.149.231', '2016-04-22', '08:35:50', 'User invoking method requiring admin access'),
(802, 3, '85.76.149.231', '2016-04-22', '08:35:50', 'User invoking method requiring admin access'),
(803, 3, '85.76.149.231', '2016-04-22', '08:35:50', 'User invoking method requiring admin access'),
(804, 3, '85.76.149.231', '2016-04-22', '08:35:50', 'User invoking method requiring admin access'),
(805, 3, '85.76.149.231', '2016-04-22', '08:35:50', 'User invoking method requiring admin access'),
(806, 3, '85.76.149.231', '2016-04-22', '08:35:50', 'User invoking method requiring admin access'),
(807, 3, '85.76.149.231', '2016-04-22', '08:35:50', 'User invoking method requiring admin access'),
(808, 3, '85.76.149.231', '2016-04-22', '08:35:50', 'User invoking method requiring admin access'),
(809, 3, '212.213.190.29', '2016-04-22', '08:35:53', 'User invoking method requiring admin access'),
(810, 3, '212.213.190.29', '2016-04-22', '08:35:55', 'User invoking method requiring admin access'),
(811, 3, '212.213.190.29', '2016-04-22', '08:35:55', 'User invoking method requiring admin access'),
(812, 3, '85.76.149.231', '2016-04-22', '08:35:58', 'User invoking method requiring admin access'),
(813, 3, '85.76.149.231', '2016-04-22', '08:35:58', 'User invoking method requiring admin access'),
(814, 3, '212.213.190.29', '2016-04-22', '08:36:01', 'User invoking method requiring admin access'),
(815, 3, '85.76.149.231', '2016-04-22', '08:36:04', 'User invoking method requiring admin access'),
(816, 3, '212.213.190.29', '2016-04-22', '08:36:06', 'User invoking method requiring admin access'),
(817, 3, '212.213.190.29', '2016-04-22', '08:36:06', 'User invoking method requiring admin access'),
(818, 3, '212.213.190.29', '2016-04-22', '08:36:07', 'User invoking method requiring admin access'),
(819, 3, '212.213.190.29', '2016-04-22', '08:36:07', 'User invoking method requiring admin access'),
(820, 3, '85.76.149.231', '2016-04-22', '08:36:08', 'User invoking method requiring admin access'),
(821, 3, '85.76.149.231', '2016-04-22', '08:36:08', 'User invoking method requiring admin access'),
(822, 3, '85.76.149.231', '2016-04-22', '08:36:10', 'User invoking method requiring admin access'),
(823, 3, '85.76.149.231', '2016-04-22', '08:36:10', 'User invoking method requiring admin access'),
(824, 3, '85.76.149.231', '2016-04-22', '08:36:10', 'User invoking method requiring admin access'),
(825, 3, '85.76.149.231', '2016-04-22', '08:36:10', 'User invoking method requiring admin access'),
(826, 3, '85.76.149.231', '2016-04-22', '08:36:10', 'User invoking method requiring admin access'),
(827, 3, '85.76.149.231', '2016-04-22', '08:36:10', 'User invoking method requiring admin access'),
(828, 3, '85.76.149.231', '2016-04-22', '08:36:10', 'User invoking method requiring admin access'),
(829, 3, '85.76.149.231', '2016-04-22', '08:36:10', 'User invoking method requiring admin access'),
(830, 3, '85.76.149.231', '2016-04-22', '08:36:10', 'User invoking method requiring admin access'),
(831, 3, '212.213.190.29', '2016-04-22', '08:36:11', 'User invoking method requiring admin access'),
(832, 3, '212.213.190.29', '2016-04-22', '08:36:11', 'User invoking method requiring admin access'),
(833, 3, '212.213.190.29', '2016-04-22', '08:36:11', 'User invoking method requiring admin access'),
(834, 3, '212.213.190.29', '2016-04-22', '08:36:11', 'User invoking method requiring admin access'),
(835, 3, '212.213.190.29', '2016-04-22', '08:36:11', 'User invoking method requiring admin access'),
(836, 3, '212.213.190.29', '2016-04-22', '08:36:11', 'User invoking method requiring admin access'),
(837, 3, '212.213.190.29', '2016-04-22', '08:36:11', 'User invoking method requiring admin access'),
(838, 3, '212.213.190.29', '2016-04-22', '08:36:11', 'User invoking method requiring admin access'),
(839, 3, '212.213.190.29', '2016-04-22', '08:36:11', 'User invoking method requiring admin access'),
(840, 3, '212.213.190.29', '2016-04-22', '08:36:23', 'User invoking method requiring admin access'),
(841, 3, '212.213.190.29', '2016-04-22', '08:36:23', 'User invoking method requiring admin access'),
(842, 3, '212.213.190.29', '2016-04-22', '08:36:54', 'User invoking method requiring admin access'),
(843, 3, '212.213.190.29', '2016-04-22', '08:37:02', 'User invoking method requiring admin access'),
(844, 3, '212.213.190.29', '2016-04-22', '08:37:02', 'User invoking method requiring admin access'),
(845, 3, '212.213.190.29', '2016-04-22', '08:37:06', 'User invoking method requiring admin access'),
(846, 3, '212.213.190.29', '2016-04-22', '08:37:06', 'User invoking method requiring admin access'),
(847, 3, '212.213.190.29', '2016-04-22', '08:37:06', 'User invoking method requiring admin access'),
(848, 3, '212.213.190.29', '2016-04-22', '08:37:06', 'User invoking method requiring admin access'),
(849, 3, '212.213.190.29', '2016-04-22', '08:37:06', 'User invoking method requiring admin access'),
(850, 3, '212.213.190.29', '2016-04-22', '08:37:06', 'User invoking method requiring admin access'),
(851, 3, '212.213.190.29', '2016-04-22', '08:37:24', 'User invoking method requiring admin access'),
(852, 3, '212.213.190.29', '2016-04-22', '08:37:24', 'User invoking method requiring admin access'),
(853, 3, '212.213.190.29', '2016-04-22', '08:37:28', 'User invoking method requiring admin access'),
(854, 3, '212.213.190.29', '2016-04-22', '08:37:28', 'User invoking method requiring admin access'),
(855, 3, '212.213.190.29', '2016-04-22', '08:37:34', 'User invoking method requiring admin access'),
(856, 3, '212.213.190.29', '2016-04-22', '08:37:35', 'User invoking method requiring admin access'),
(857, 3, '212.213.190.29', '2016-04-22', '08:37:35', 'User invoking method requiring admin access'),
(858, 3, '212.213.190.29', '2016-04-22', '08:37:35', 'User invoking method requiring admin access'),
(859, 3, '212.213.190.29', '2016-04-22', '08:37:35', 'User invoking method requiring admin access'),
(860, 3, '212.213.190.29', '2016-04-22', '08:37:35', 'User invoking method requiring admin access'),
(861, 3, '212.213.190.29', '2016-04-22', '08:37:35', 'User invoking method requiring admin access'),
(862, 3, '212.213.190.29', '2016-04-22', '08:37:35', 'User invoking method requiring admin access'),
(863, 3, '212.213.190.29', '2016-04-22', '08:37:35', 'User invoking method requiring admin access'),
(864, 3, '212.213.190.29', '2016-04-22', '08:37:35', 'User invoking method requiring admin access'),
(865, 3, '212.213.190.29', '2016-04-22', '08:37:37', 'User invoking method requiring admin access'),
(866, 3, '212.213.190.29', '2016-04-22', '08:37:37', 'User invoking method requiring admin access'),
(867, 3, '212.213.190.29', '2016-04-22', '08:37:38', 'User invoking method requiring admin access'),
(868, 3, '212.213.190.29', '2016-04-22', '08:37:39', 'User invoking method requiring admin access'),
(869, 3, '212.213.190.29', '2016-04-22', '08:38:21', 'User invoking method requiring admin access'),
(870, 3, '212.213.190.29', '2016-04-22', '08:38:26', 'User invoking method requiring admin access'),
(871, 3, '212.213.190.29', '2016-04-22', '08:38:27', 'User invoking method requiring admin access'),
(872, 3, '212.213.190.29', '2016-04-22', '08:38:28', 'User invoking method requiring admin access'),
(873, 3, '212.213.190.29', '2016-04-22', '08:38:33', 'User invoking method requiring admin access'),
(874, 3, '212.213.190.29', '2016-04-22', '08:38:44', 'User invoking method requiring admin access'),
(875, 3, '212.213.190.29', '2016-04-22', '08:39:06', 'User invoking method requiring admin access'),
(876, 3, '212.213.190.29', '2016-04-22', '08:39:06', 'User invoking method requiring admin access'),
(877, 3, '212.213.190.29', '2016-04-22', '08:39:21', 'User invoking method requiring admin access'),
(878, 3, '212.213.190.29', '2016-04-22', '08:39:21', 'User invoking method requiring admin access'),
(879, 3, '212.213.190.29', '2016-04-22', '08:39:21', 'User invoking method requiring admin access'),
(880, 3, '212.213.190.29', '2016-04-22', '08:39:28', 'User invoking method requiring admin access'),
(881, 3, '212.213.190.29', '2016-04-22', '08:39:28', 'User invoking method requiring admin access'),
(882, 3, '212.213.190.29', '2016-04-22', '08:39:34', 'User invoking method requiring admin access'),
(883, 3, '212.213.190.29', '2016-04-22', '08:39:40', 'User invoking method requiring admin access'),
(884, 3, '212.213.190.29', '2016-04-22', '08:39:48', 'User invoking method requiring admin access'),
(885, 3, '212.213.190.29', '2016-04-22', '08:39:57', 'User invoking method requiring admin access'),
(886, 3, '212.213.190.29', '2016-04-22', '08:39:57', 'User invoking method requiring admin access'),
(887, 3, '212.213.190.29', '2016-04-22', '08:40:04', 'User invoking method requiring admin access'),
(888, 3, '212.213.190.29', '2016-04-22', '08:40:06', 'User invoking method requiring admin access'),
(889, 3, '212.213.190.29', '2016-04-22', '08:40:06', 'User invoking method requiring admin access'),
(890, 3, '212.213.190.29', '2016-04-22', '08:40:09', 'User invoking method requiring admin access'),
(891, 3, '212.213.190.29', '2016-04-22', '08:40:12', 'User invoking method requiring admin access'),
(892, 3, '212.213.190.29', '2016-04-22', '08:40:15', 'User invoking method requiring admin access'),
(893, 3, '212.213.190.29', '2016-04-22', '08:40:19', 'User invoking method requiring admin access'),
(894, 3, '212.213.190.29', '2016-04-22', '08:40:21', 'User invoking method requiring admin access'),
(895, 3, '212.213.190.29', '2016-04-22', '08:40:26', 'User invoking method requiring admin access'),
(896, 3, '212.213.190.29', '2016-04-22', '08:40:28', 'User invoking method requiring admin access'),
(897, 3, '212.213.190.29', '2016-04-22', '08:40:39', 'User invoking method requiring admin access'),
(898, 3, '212.213.190.29', '2016-04-22', '08:40:39', 'User invoking method requiring admin access'),
(899, 3, '212.213.190.29', '2016-04-22', '08:40:47', 'User invoking method requiring admin access'),
(900, 3, '212.213.190.29', '2016-04-22', '08:40:47', 'User invoking method requiring admin access'),
(901, 3, '212.213.190.29', '2016-04-22', '08:40:58', 'User invoking method requiring admin access'),
(902, 3, '212.213.190.29', '2016-04-22', '08:41:00', 'User invoking method requiring admin access'),
(903, 3, '212.213.190.29', '2016-04-22', '08:41:00', 'User invoking method requiring admin access'),
(904, 1, '37.219.24.95', '2016-04-22', '08:41:13', 'Invoking method requiring logging in'),
(905, 1, '37.219.24.95', '2016-04-22', '08:41:13', 'Invoking method requiring logging in'),
(906, 1, '37.219.24.95', '2016-04-22', '08:41:13', 'Invoking method requiring logging in'),
(908, 3, '212.213.190.29', '2016-04-22', '08:41:15', 'User invoking method requiring admin access'),
(909, 3, '212.213.190.29', '2016-04-22', '08:41:29', 'User invoking method requiring admin access'),
(910, 3, '212.213.190.29', '2016-04-22', '08:41:29', 'User invoking method requiring admin access'),
(911, 3, '212.213.190.29', '2016-04-22', '08:41:38', 'User invoking method requiring admin access'),
(912, 3, '212.213.190.29', '2016-04-22', '08:42:08', 'User invoking method requiring admin access'),
(913, 1, '212.213.190.29', '2016-04-22', '08:42:11', 'Invoking method requiring logging in'),
(914, 1, '212.213.190.29', '2016-04-22', '08:42:11', 'Invoking method requiring logging in'),
(915, 1, '212.213.190.29', '2016-04-22', '08:42:11', 'User invoking method requiring admin access'),
(917, 1, '85.76.96.70', '2016-04-22', '08:43:42', 'Succesful login'),
(918, 3, '85.76.96.70', '2016-04-22', '09:15:50', 'Succesful login'),
(919, 3, '85.76.96.70', '2016-04-22', '09:15:51', 'User invoking method requiring admin access'),
(920, 1, '85.76.80.177', '2016-04-23', '13:59:14', 'Succesful login'),
(921, 1, '89.27.3.39', '2016-04-23', '14:17:32', 'Succesful login'),
(922, 3, '85.76.70.143', '2016-04-23', '18:08:19', 'Succesful login'),
(923, 3, '85.76.70.143', '2016-04-23', '18:08:19', 'User invoking method requiring admin access'),
(924, 3, '85.76.70.143', '2016-04-23', '18:09:21', 'User invoking method requiring admin access'),
(925, 3, '85.76.70.143', '2016-04-23', '18:09:24', 'User invoking method requiring admin access'),
(926, 3, '85.76.70.143', '2016-04-23', '18:09:57', 'User invoking method requiring admin access'),
(927, 3, '85.76.70.143', '2016-04-23', '18:10:04', 'User invoking method requiring admin access'),
(928, 3, '85.76.70.143', '2016-04-23', '18:10:04', 'User invoking method requiring admin access'),
(929, 3, '85.76.70.143', '2016-04-23', '18:10:32', 'User invoking method requiring admin access'),
(930, 3, '85.76.70.143', '2016-04-23', '18:10:32', 'User invoking method requiring admin access'),
(931, 3, '85.76.70.143', '2016-04-23', '18:10:32', 'User invoking method requiring admin access'),
(932, 3, '85.76.70.143', '2016-04-23', '18:10:32', 'User invoking method requiring admin access'),
(933, 3, '85.76.70.143', '2016-04-23', '18:10:32', 'User invoking method requiring admin access'),
(934, 3, '85.76.70.143', '2016-04-23', '18:10:50', 'User invoking method requiring admin access'),
(935, 3, '85.76.70.143', '2016-04-23', '18:10:50', 'User invoking method requiring admin access'),
(936, 3, '85.76.70.143', '2016-04-23', '18:10:58', 'User invoking method requiring admin access'),
(937, 3, '85.76.70.143', '2016-04-23', '18:11:14', 'User invoking method requiring admin access'),
(938, 3, '85.76.70.143', '2016-04-23', '18:11:24', 'User invoking method requiring admin access'),
(939, 3, '85.76.70.143', '2016-04-23', '18:11:29', 'User invoking method requiring admin access'),
(940, 3, '85.76.70.143', '2016-04-23', '18:11:33', 'User invoking method requiring admin access'),
(941, 3, '85.76.70.143', '2016-04-23', '18:11:33', 'User invoking method requiring admin access'),
(942, 3, '85.76.70.143', '2016-04-23', '18:11:37', 'User invoking method requiring admin access'),
(943, 3, '85.76.70.143', '2016-04-23', '18:11:37', 'User invoking method requiring admin access'),
(944, 3, '85.76.70.143', '2016-04-23', '18:11:37', 'User invoking method requiring admin access'),
(945, 3, '85.76.70.143', '2016-04-23', '18:11:37', 'User invoking method requiring admin access'),
(946, 3, '85.76.70.143', '2016-04-23', '18:11:37', 'User invoking method requiring admin access'),
(947, 3, '85.76.70.143', '2016-04-23', '18:11:37', 'User invoking method requiring admin access'),
(948, 3, '85.76.70.143', '2016-04-23', '18:11:37', 'User invoking method requiring admin access'),
(949, 3, '85.76.70.143', '2016-04-23', '18:11:37', 'User invoking method requiring admin access'),
(950, 3, '85.76.70.143', '2016-04-23', '18:11:37', 'User invoking method requiring admin access'),
(951, 3, '85.76.70.143', '2016-04-23', '18:11:53', 'User invoking method requiring admin access'),
(952, 3, '85.76.70.143', '2016-04-23', '18:11:53', 'User invoking method requiring admin access'),
(953, 3, '85.76.70.143', '2016-04-23', '18:11:54', 'User invoking method requiring admin access'),
(954, 3, '85.76.70.143', '2016-04-23', '18:12:13', 'User invoking method requiring admin access'),
(955, 1, '89.27.3.39', '2016-04-24', '14:36:39', 'Succesful login'),
(956, 5, '37.219.232.40', '2016-04-25', '09:18:16', 'Succesful login'),
(957, 5, '37.219.232.40', '2016-04-25', '09:18:16', 'User invoking method requiring admin access'),
(958, 5, '37.219.232.40', '2016-04-25', '09:18:45', 'User invoking method requiring admin access'),
(959, 1, '128.214.138.171', '2016-04-25', '12:07:24', 'Succesful login'),
(960, 1, '91.159.200.211', '2016-04-25', '18:16:20', 'Succesful login'),
(961, 3, '89.27.3.39', '2016-04-25', '18:18:53', 'Succesful login'),
(962, 3, '89.27.3.39', '2016-04-25', '18:18:53', 'User invoking method requiring admin access'),
(963, 1, '89.27.3.39', '2016-04-26', '19:39:16', 'Succesful login'),
(964, 1, '89.27.3.39', '2016-04-26', '20:30:50', 'Succesful login'),
(967, 2, '89.27.3.39', '2016-04-26', '21:24:11', 'Unauthorized access'),
(968, 3, '89.27.3.39', '2016-04-26', '21:24:16', 'Succesful login'),
(969, 3, '89.27.3.39', '2016-04-26', '21:24:16', 'User invoking method requiring admin access'),
(970, 3, '89.27.3.39', '2016-04-26', '21:24:31', 'User invoking method requiring admin access'),
(971, 3, '89.27.3.39', '2016-04-26', '21:25:10', 'User invoking method requiring admin access'),
(972, 3, '89.27.3.39', '2016-04-26', '21:25:10', 'User invoking method requiring admin access'),
(973, 3, '89.27.3.39', '2016-04-26', '21:25:13', 'User invoking method requiring admin access'),
(974, 1, '89.27.3.39', '2016-04-26', '21:25:18', 'Succesful login'),
(975, 1, '89.27.3.39', '2016-04-26', '23:03:19', 'Invoking method requiring logging in'),
(976, 1, '89.27.3.39', '2016-04-26', '23:03:19', 'Invoking method requiring logging in'),
(977, 1, '89.27.3.39', '2016-04-26', '23:03:19', 'Invoking method requiring logging in'),
(978, 1, '89.27.3.39', '2016-04-26', '23:03:19', 'User invoking method requiring admin access'),
(980, 1, '89.27.3.39', '2016-04-26', '23:03:24', 'Succesful login'),
(981, 1, '89.27.3.39', '2016-04-27', '00:11:29', 'Invoking method requiring logging in'),
(982, 1, '89.27.3.39', '2016-04-27', '00:11:29', 'Invoking method requiring logging in'),
(983, 1, '89.27.3.39', '2016-04-27', '00:11:29', 'Invoking method requiring logging in'),
(984, 1, '89.27.3.39', '2016-04-27', '00:11:29', 'User invoking method requiring admin access'),
(986, 1, '89.27.3.39', '2016-04-27', '00:11:34', 'Succesful login'),
(987, 1, '37.219.41.79', '2016-04-27', '08:29:57', 'Succesful login'),
(988, 1, '85.76.81.231', '2016-04-27', '08:33:59', 'Succesful login'),
(989, 3, '89.27.3.39', '2016-04-27', '12:40:50', 'Succesful login'),
(990, 3, '89.27.3.39', '2016-04-27', '12:40:51', 'User invoking method requiring admin access'),
(991, 3, '89.27.3.39', '2016-04-27', '12:42:54', 'User invoking method requiring admin access'),
(992, 3, '89.27.3.39', '2016-04-27', '12:43:33', 'Succesful login'),
(993, 3, '89.27.3.39', '2016-04-27', '12:43:34', 'User invoking method requiring admin access'),
(994, 3, '89.27.3.39', '2016-04-27', '12:44:44', 'User invoking method requiring admin access'),
(995, 3, '89.27.3.39', '2016-04-27', '12:44:44', 'User invoking method requiring admin access'),
(996, 3, '89.27.3.39', '2016-04-27', '12:44:56', 'User invoking method requiring admin access'),
(997, 3, '89.27.3.39', '2016-04-27', '12:45:48', 'User invoking method requiring admin access'),
(998, 3, '89.27.3.39', '2016-04-27', '12:46:11', 'User invoking method requiring admin access'),
(999, 3, '89.27.3.39', '2016-04-27', '12:47:25', 'User invoking method requiring admin access'),
(1000, 3, '89.27.3.39', '2016-04-27', '12:48:57', 'User invoking method requiring admin access'),
(1001, 3, '89.27.3.39', '2016-04-27', '12:50:06', 'User invoking method requiring admin access'),
(1002, 3, '89.27.3.39', '2016-04-27', '12:51:06', 'User invoking method requiring admin access'),
(1003, 3, '89.27.3.39', '2016-04-27', '12:51:45', 'User invoking method requiring admin access'),
(1004, 3, '89.27.3.39', '2016-04-27', '12:52:32', 'User invoking method requiring admin access'),
(1005, 3, '89.27.3.39', '2016-04-27', '12:53:30', 'User invoking method requiring admin access'),
(1006, 3, '89.27.3.39', '2016-04-27', '12:54:07', 'User invoking method requiring admin access'),
(1007, 3, '89.27.3.39', '2016-04-27', '12:54:22', 'User invoking method requiring admin access'),
(1008, 3, '89.27.3.39', '2016-04-27', '12:54:22', 'User invoking method requiring admin access'),
(1009, 3, '89.27.3.39', '2016-04-27', '12:56:09', 'User invoking method requiring admin access'),
(1010, 3, '89.27.3.39', '2016-04-27', '12:56:09', 'User invoking method requiring admin access'),
(1011, 3, '89.27.3.39', '2016-04-27', '12:56:15', 'User invoking method requiring admin access'),
(1012, 3, '89.27.3.39', '2016-04-27', '12:56:46', 'User invoking method requiring admin access'),
(1013, 3, '89.27.3.39', '2016-04-27', '12:58:12', 'User invoking method requiring admin access'),
(1014, 3, '89.27.3.39', '2016-04-27', '12:58:53', 'User invoking method requiring admin access'),
(1015, 3, '89.27.3.39', '2016-04-27', '12:59:09', 'User invoking method requiring admin access'),
(1016, 3, '89.27.3.39', '2016-04-27', '12:59:09', 'User invoking method requiring admin access'),
(1017, 3, '89.27.3.39', '2016-04-27', '12:59:23', 'User invoking method requiring admin access'),
(1018, 3, '89.27.3.39', '2016-04-27', '12:59:35', 'User invoking method requiring admin access'),
(1019, 1, '89.27.3.39', '2016-04-27', '12:59:38', 'Succesful login'),
(1020, 5, '89.27.3.39', '2016-04-27', '13:04:37', 'Succesful login'),
(1021, 5, '89.27.3.39', '2016-04-27', '13:04:37', 'User invoking method requiring admin access'),
(1022, 5, '89.27.3.39', '2016-04-27', '13:07:02', 'User invoking method requiring admin access'),
(1023, 5, '89.27.3.39', '2016-04-27', '13:07:02', 'User invoking method requiring admin access'),
(1024, 1, '89.27.3.39', '2016-04-27', '16:56:19', 'Invoking method requiring logging in'),
(1025, 1, '89.27.3.39', '2016-04-27', '16:56:20', 'Invoking method requiring logging in'),
(1026, 1, '89.27.3.39', '2016-04-27', '16:56:20', 'Invoking method requiring logging in'),
(1027, 1, '89.27.3.39', '2016-04-27', '16:56:20', 'User invoking method requiring admin access'),
(1029, 1, '89.27.3.39', '2016-04-27', '16:56:27', 'Succesful login'),
(1030, 1, '89.27.3.39', '2016-04-27', '17:14:53', 'Succesful login'),
(1031, 1, '128.214.138.171', '2016-04-28', '14:05:37', 'Succesful login'),
(1032, 1, '89.27.3.39', '2016-04-29', '14:56:49', 'Succesful login'),
(1033, 1, '89.27.3.39', '2016-04-29', '16:10:33', 'Succesful login'),
(1034, 1, '89.27.3.39', '2016-04-29', '21:33:04', 'Succesful login'),
(1035, 1, '128.214.138.171', '2016-05-03', '12:13:19', 'Succesful login'),
(1036, 2, '128.214.138.171', '2016-05-03', '13:03:37', 'Unauthorized access'),
(1037, 2, '128.214.138.171', '2016-05-03', '13:03:43', 'Unauthorized access'),
(1038, 3, '128.214.138.171', '2016-05-03', '13:03:50', 'Unauthorized access'),
(1039, 1, '128.214.138.171', '2016-05-03', '13:04:08', 'Succesful login'),
(1040, 2, '128.214.138.171', '2016-05-03', '13:05:13', 'Succesful login'),
(1043, 2, '128.214.138.171', '2016-05-03', '13:20:33', 'User invoking method requiring admin access'),
(1044, 2, '85.76.81.12', '2016-05-03', '14:25:19', 'Succesful login'),
(1045, 2, '128.214.225.165', '2016-05-03', '14:28:01', 'Succesful login'),
(1046, 2, '128.214.225.165', '2016-05-03', '14:28:30', 'User invoking method requiring admin access'),
(1047, 2, '128.214.225.165', '2016-05-03', '14:28:37', 'User invoking method requiring admin access'),
(1048, 2, '128.214.225.165', '2016-05-03', '14:28:44', 'User invoking method requiring admin access'),
(1049, 2, '128.214.225.165', '2016-05-03', '14:28:52', 'User invoking method requiring admin access'),
(1050, 2, '128.214.225.165', '2016-05-03', '14:28:52', 'User invoking method requiring admin access'),
(1051, 2, '128.214.225.165', '2016-05-03', '14:29:43', 'User invoking method requiring admin access'),
(1052, 2, '128.214.225.165', '2016-05-03', '14:30:14', 'User invoking method requiring admin access'),
(1053, 2, '128.214.225.165', '2016-05-03', '14:30:27', 'User invoking method requiring admin access'),
(1054, 2, '128.214.225.165', '2016-05-03', '14:30:31', 'User invoking method requiring admin access'),
(1055, 2, '128.214.225.165', '2016-05-03', '14:30:33', 'User invoking method requiring admin access'),
(1056, 2, '128.214.225.165', '2016-05-03', '14:30:52', 'User invoking method requiring admin access'),
(1057, 2, '128.214.225.165', '2016-05-03', '14:30:54', 'User invoking method requiring admin access'),
(1058, 2, '128.214.225.165', '2016-05-03', '14:30:55', 'User invoking method requiring admin access'),
(1059, 2, '128.214.225.165', '2016-05-03', '14:30:55', 'User invoking method requiring admin access'),
(1060, 2, '128.214.225.165', '2016-05-03', '14:30:55', 'User invoking method requiring admin access'),
(1061, 2, '128.214.225.165', '2016-05-03', '14:30:56', 'User invoking method requiring admin access'),
(1062, 2, '128.214.225.165', '2016-05-03', '14:30:56', 'User invoking method requiring admin access'),
(1063, 2, '128.214.225.165', '2016-05-03', '14:31:39', 'User invoking method requiring admin access'),
(1064, 2, '128.214.225.165', '2016-05-03', '14:31:41', 'User invoking method requiring admin access'),
(1065, 1, '128.214.225.165', '2016-05-03', '14:31:55', 'Succesful login'),
(1066, 1, '85.76.81.12', '2016-05-03', '14:52:03', 'Invoking method requiring logging in'),
(1067, 1, '85.76.81.12', '2016-05-03', '14:52:03', 'Invoking method requiring logging in'),
(1069, 1, '128.214.138.171', '2016-05-03', '15:25:42', 'Succesful login'),
(1070, 1, '128.214.138.171', '2016-05-03', '15:27:10', 'Invoking method requiring logging in'),
(1071, 1, '128.214.138.171', '2016-05-03', '15:27:20', 'Succesful login'),
(1072, 1, '128.214.138.171', '2016-05-03', '15:27:23', 'Invoking method requiring logging in'),
(1073, 1, '128.214.138.171', '2016-05-03', '15:27:35', 'Invoking method requiring logging in'),
(1074, 1, '128.214.138.171', '2016-05-03', '15:27:35', 'Invoking method requiring logging in'),
(1075, 1, '128.214.138.171', '2016-05-03', '15:27:35', 'User invoking method requiring admin access'),
(1077, 1, '128.214.138.171', '2016-05-03', '15:27:43', 'Invoking method requiring logging in'),
(1078, 1, '128.214.138.171', '2016-05-03', '15:28:02', 'Succesful login'),
(1079, 1, '128.214.138.171', '2016-05-03', '15:28:05', 'Invoking method requiring logging in'),
(1080, 1, '128.214.138.171', '2016-05-03', '15:29:10', 'Succesful login'),
(1081, 1, '128.214.138.171', '2016-05-03', '15:30:09', 'Succesful login'),
(1082, 1, '128.214.138.171', '2016-05-03', '15:32:38', 'Succesful login'),
(1083, 1, '128.214.138.171', '2016-05-03', '15:33:24', 'Succesful login'),
(1084, 1, '128.214.138.171', '2016-05-03', '15:33:49', 'Succesful login'),
(1085, 1, '128.214.138.171', '2016-05-03', '15:34:35', 'Succesful login'),
(1086, 1, '128.214.138.171', '2016-05-03', '15:49:10', 'Succesful login'),
(1087, 1, '128.214.138.171', '2016-05-03', '15:51:09', 'Succesful login'),
(1088, 1, '128.214.138.171', '2016-05-03', '15:55:07', 'Succesful login'),
(1089, 1, '128.214.138.171', '2016-05-03', '15:55:20', 'Succesful login'),
(1090, 1, '91.159.200.211', '2016-05-07', '19:04:03', 'Succesful login');

-- --------------------------------------------------------
--
-- Dumping data for table `memberships`
--

INSERT INTO `memberships` (`id`, `g_id`, `u_id`) VALUES
(4, 2, 3),
(6, 2, 4),
(7, 2, 5),
(8, 1, 6),
(9, 4, 5),
(10, 1, 4),
(17, 5, 1);

-- --------------------------------------------------------

--
-- Dumping data for table `owners`
--

INSERT INTO `owners` (`id`, `name`, `phone`, `email`) VALUES
(2, 'Isännöitsijä 2', '09', 'suku@firma.fi'),
(3, 'asdfasdfasdfasdfasdfasdfasdfasdfasdfasdfasdfasdfasdfasdfasdfasdfasdfasdfasdfasdfasdfasdfasdfasdfasdfasdfasdfasdfasdfasdfasdfasdfasdfasdfasdfasdfasdfasdfasdfasdfasdfasdfasdfasdfasdfasdfasdfasdfasdfasdfasdfasdfasdfasdfasdfasdfasdfasdfasdfasdfasdfasdfasdfasd', '112', 'a@a.fi'),
(4, 'asdfasdfasdfasdfasdfasdfasdfasdfasdfasdfasdfasdfasdfasdfasdfasdfasdfasdfasdfasdfasdfasdfasdfasdfasdfasdfasdfasdfasdfasdfasdfasdfasdfasdfasdfasdfasdfasdfasdfasdfasdfasdfasdfasdfasdfasdfasdfasdfasdfasdfasdfasdfasdfasdfasdfasdfasdfasdfasdfasdfasdfasdfasdfasd', '1', 'asdf@a.fi');

-- --------------------------------------------------------

--
-- Dumping data for table `places`
--

INSERT INTO `places` (`id`, `o_id`, `address`, `city`, `maintenance`, `billingcode`, `longitude`, `latitude`) VALUES
(2, 1, 'Hakunilantie 30', 'Vantaa', 'Kiinteistöhuolto Oy', '2345', '', ''),
(3, 1, 'Mannerheimintie 50', 'Helsinki', 'Kiinteistöhuolto Oy', '3456', '', ''),
(7, 1, 'Varasto', 'Varasto', 'Varasto', '12345', '', '');

-- --------------------------------------------------------

--
-- Dumping data for table `tasks`
--

INSERT INTO `tasks` (`id`, `g_id`, `p_id`, `name`, `info`, `active`) VALUES
(2, 2, 1, 'Tehtävä 2', 'Tehtävää', 1),
(3, 1, 1, 'Tehtävä 3', 'Tehtävää', 0),
(4, 5, 7, 'Varasto', 'Varasto', 1);

-- --------------------------------------------------------

--
-- Dumping data for table `times`
--

INSERT INTO `times` (`id`, `u_id`, `date`, `start_time`, `end_time`, `t_id`) VALUES
(1, 2, '2016-04-19', '08:30:00', '11:30:00', 1),
(2, 2, '2016-03-23', '08:00:00', '12:00:00', 1),
(3, 2, '2016-03-22', '12:30:00', '16:00:00', 1),
(4, 2, '2016-03-23', '08:30:00', '11:30:00', 1),
(5, 2, '2016-03-24', '08:38:00', '16:38:00', 1),
(6, 2, '2016-03-24', '08:52:00', '13:52:00', 1),
(7, 2, '2016-04-14', '15:03:00', '16:03:00', 1),
(8, 3, '2016-04-14', '10:00:00', '11:00:00', 3),
(9, 4, '2016-04-14', '10:00:00', '11:00:00', 3),
(10, 5, '2016-04-14', '10:00:00', '11:00:00', 3),
(11, 3, '2016-04-14', '10:00:00', '11:00:00', 3),
(12, 4, '2016-04-14', '10:00:00', '11:00:00', 3),
(13, 5, '2016-04-14', '10:00:00', '11:00:00', 3),
(14, 3, '2016-04-13', '16:42:00', '18:36:00', 3),
(15, 4, '2016-04-13', '16:42:00', '18:36:00', 3),
(16, 5, '2016-04-13', '16:42:00', '18:36:00', 3),
(17, 3, '2016-04-15', '10:37:00', '12:37:00', 3),
(18, 4, '2016-04-15', '10:37:00', '12:37:00', 3),
(19, 5, '2016-04-15', '10:37:00', '12:37:00', 3),
(20, 3, '2016-04-19', '10:39:00', '13:39:00', 3),
(21, 4, '2016-04-19', '10:39:00', '13:39:00', 3),
(22, 3, '0000-00-00', '16:55:00', '18:55:00', 3),
(23, 4, '0000-00-00', '16:55:00', '18:55:00', 3),
(24, 5, '0000-00-00', '16:55:00', '18:55:00', 3),
(25, 3, '0000-00-00', '12:00:00', '11:00:00', 3),
(26, 4, '0000-00-00', '00:00:00', '11:00:00', 3),
(27, 3, '0000-00-00', '10:00:00', '11:00:00', 3),
(28, 4, '0000-00-00', '10:00:00', '11:00:00', 3),
(29, 4, '0000-00-00', '10:00:00', '12:00:00', 3),
(30, 3, '0000-00-00', '10:00:00', '10:30:00', 3),
(31, 3, '0000-00-00', '10:00:00', '11:00:00', 3),
(32, 5, '0000-00-00', '10:00:00', '11:00:00', 3),
(33, 3, '2016-04-29', '10:00:00', '11:00:00', 3),
(34, 4, '2016-04-29', '10:00:00', '11:00:00', 3),
(35, 5, '2016-04-29', '10:00:00', '11:00:00', 3),
(36, 3, '2016-04-13', '15:21:00', '17:21:00', 3),
(37, 4, '2016-04-13', '15:21:00', '17:21:00', 3),
(38, 5, '2016-04-13', '15:21:00', '17:21:00', 3),
(39, 3, '2016-04-13', '19:25:00', '20:25:00', 3),
(40, 4, '2016-04-13', '19:25:00', '20:25:00', 3),
(41, 5, '2016-04-13', '19:25:00', '20:25:00', 3),
(42, 3, '2016-05-05', '10:28:00', '15:28:00', 3),
(43, 4, '2016-05-05', '10:28:00', '15:28:00', 3),
(44, 5, '2016-05-05', '10:28:00', '15:28:00', 3),
(45, 3, '2016-05-06', '11:35:00', '14:35:00', 3),
(46, 4, '2016-05-06', '11:35:00', '14:35:00', 3),
(47, 5, '2016-05-06', '11:35:00', '14:35:00', 3),
(48, 3, '2016-05-07', '14:37:00', '17:38:00', 3),
(49, 4, '2016-05-07', '14:37:00', '17:38:00', 3),
(50, 5, '2016-05-07', '14:37:00', '17:38:00', 3),
(51, 3, '2016-05-08', '16:09:00', '18:09:00', 3),
(52, 4, '2016-05-08', '16:09:00', '18:09:00', 3),
(53, 5, '2016-05-08', '16:09:00', '18:09:00', 3),
(54, 3, '2016-05-10', '16:15:00', '18:15:00', 3),
(55, 4, '2016-05-10', '16:15:00', '18:15:00', 3),
(56, 5, '2016-05-10', '16:15:00', '18:15:00', 3),
(57, 2, '2016-05-11', '16:18:00', '18:18:00', 1),
(58, 6, '2016-05-11', '16:18:00', '18:18:00', 1),
(59, 3, '0000-00-00', '11:31:00', '13:31:00', 3),
(60, 4, '0000-00-00', '11:31:00', '13:31:00', 3),
(61, 5, '0000-00-00', '11:31:00', '13:31:00', 3),
(62, 3, '0000-00-00', '11:31:00', '13:31:00', 3),
(63, 4, '0000-00-00', '11:31:00', '13:31:00', 3),
(64, 5, '0000-00-00', '11:31:00', '13:31:00', 3),
(65, 3, '0000-00-00', '11:32:00', '13:32:00', 3),
(67, 5, '0000-00-00', '11:32:00', '13:32:00', 3),
(68, 3, '2016-05-15', '11:35:00', '13:35:00', 3),
(69, 4, '2016-05-15', '11:35:00', '13:35:00', 3),
(70, 5, '2016-05-15', '11:35:00', '13:35:00', 3),
(71, 3, '2016-05-16', '11:36:00', '13:36:00', 3),
(72, 4, '2016-05-16', '11:36:00', '13:36:00', 3),
(73, 5, '2016-05-16', '11:36:00', '13:36:00', 3),
(74, 2, '2016-05-17', '11:36:00', '13:36:00', 1),
(75, 6, '2016-05-17', '11:36:00', '13:36:00', 1),
(76, 2, '2016-05-18', '11:36:00', '13:36:00', 2),
(77, 6, '2016-05-18', '11:36:00', '13:36:00', 2),
(78, 2, '2016-05-26', '14:53:00', '16:53:00', 2),
(79, 6, '2016-05-26', '14:53:00', '16:53:00', 2),
(80, 1, '2016-04-14', '16:49:00', '18:49:00', 2),
(81, 2, '2016-04-15', '15:46:00', '17:46:00', 1),
(82, 6, '2016-04-15', '15:46:00', '17:46:00', 1),
(83, 2, '2016-04-15', '17:20:00', '19:20:00', 2),
(84, 6, '2016-04-15', '17:20:00', '19:20:00', 2),
(85, 3, '2016-04-18', '11:26:00', '13:26:00', 3),
(86, 4, '2016-04-18', '11:26:00', '13:26:00', 3),
(87, 5, '2016-04-18', '11:26:00', '13:26:00', 3),
(88, 3, '2016-05-26', '11:27:00', '13:27:00', 3),
(89, 4, '2016-05-26', '11:27:00', '13:27:00', 3),
(90, 5, '2016-05-26', '11:27:00', '13:27:00', 3),
(91, 3, '2016-04-18', '19:00:00', '21:00:00', 3),
(92, 4, '2016-04-18', '19:00:00', '21:00:00', 3),
(93, 5, '2016-04-18', '19:00:00', '21:00:00', 3),
(94, 3, '2016-05-31', '19:00:00', '21:00:00', 3),
(95, 4, '2016-05-31', '19:00:00', '21:00:00', 3),
(96, 5, '2016-05-31', '19:00:00', '21:00:00', 3),
(97, 3, '2016-04-18', '19:02:00', '21:02:00', 3),
(98, 3, '2016-04-18', '19:03:00', '21:03:00', 3),
(99, 4, '2016-04-18', '19:03:00', '21:03:00', 3),
(100, 5, '2016-04-18', '19:03:00', '21:03:00', 3),
(101, 3, '2016-04-19', '12:58:00', '14:58:00', 3),
(102, 4, '2016-04-19', '12:58:00', '14:58:00', 3),
(103, 5, '2016-04-19', '12:58:00', '14:58:00', 3),
(104, 3, '2016-06-01', '22:44:00', '00:14:00', 3),
(105, 4, '2016-06-01', '22:44:00', '00:14:00', 3),
(106, 5, '2016-06-01', '22:44:00', '00:14:00', 3),
(107, 3, '2016-04-22', '07:02:00', '08:32:00', 3),
(108, 4, '2016-04-22', '07:02:00', '08:32:00', 3),
(109, 5, '2016-04-22', '07:02:00', '08:32:00', 3),
(110, 3, '2016-04-22', '07:02:00', '08:32:00', 3),
(111, 4, '2016-04-22', '07:02:00', '08:32:00', 3),
(112, 5, '2016-04-22', '07:02:00', '08:32:00', 3),
(113, 3, '2016-04-22', '07:02:00', '08:32:00', 3),
(114, 4, '2016-04-22', '07:02:00', '08:32:00', 3),
(115, 5, '2016-04-22', '07:02:00', '08:32:00', 3),
(116, 3, '2016-04-22', '07:07:00', '08:37:00', 3),
(117, 4, '2016-04-22', '07:07:00', '08:37:00', 3),
(118, 5, '2016-04-22', '07:07:00', '08:37:00', 3),
(119, 1, '2016-04-25', '16:22:00', '18:22:00', 1),
(120, 2, '2016-05-03', '12:58:00', '14:28:00', 1),
(121, 6, '2016-05-03', '12:58:00', '14:28:00', 1),
(122, 4, '2016-05-03', '12:58:00', '14:28:00', 1);

-- --------------------------------------------------------

/*!40101 SET CHARACTER_SET_CLIENT=@OLD_CHARACTER_SET_CLIENT */;
/*!40101 SET CHARACTER_SET_RESULTS=@OLD_CHARACTER_SET_RESULTS */;
/*!40101 SET COLLATION_CONNECTION=@OLD_COLLATION_CONNECTION */;
